barcode	enh_up	enh_down
CCCATCGCTGCCCTA	none	none
AGCACGACCAAGGAG	none	none
CCCGTCCTTCGCAGA	none	none
GTAATAAGGGTCAAT	none	none
CCGATAGTAACCAGC	none	none
AACACGATAGGCACT	none	none
AACGCAATAGACGAG	none	none
CGCACTACCGGAGAC	none	none
GAACAGATTAACAGC	none	none
TACACGATAGGCACT	none	none
AAAGCACAAAGCCGC	none	none
AGAAACCAGAACCAT	none	none
AGTACGGACGTGGTC	none	none
CAAACAACGACAACG	none	none
GTCCAGGGCCATAGT	none	35S
CTTCGTCCGAGCGAA	none	35S
CTCCGAGGACTCGGG	none	35S
AAAGCTATGGCTCCT	none	35S
CCTCCAGTTCGAGAT	none	35S
CCGAAAGATATCGTC	none	35S
AAACCACTAAGCACG	AB80	none
AACCAACAAAAGACT	AB80	none
AATCCTAAAGGCAGG	AB80	none
CCCCCGACTCATAGA	AB80	none
ACCAAAGGCCTTCAA	AB80	none
CTACCTACACGGATT	AB80	none
CCGGCTGGTACCCGA	AB80	none
ACTACGGCTGCAAAT	AB80	none
GTCGAGGCACTGGCC	AB80	35S
CCACGTGAACCCCAT	AB80	35S
CTAAGTGACGGTGCG	AB80	35S
AAAACACAGCCTGTA	AB80	35S
GGCCAAAGAATAACC	AB80	35S
CGCAACATAAGGCGC	AB80	35S
CATGATCATGATCAT	AB80	35S
ACCATCCCACCGAAC	AB80	35S
ACGCAAAGGGAAAAG	AB80	35S
GGGGAACCAATCGAC	AB80	35S